SPOTS_ID,TRACK_ID,QUALITY,POSITION_X,POSITION_Y,FRAME,MEAN_INTENSITY_CH1,MEAN_INTENSITY_CH2,MEAN_INTENSITY_CH3,MEAN_INTENSITY_CH4,MEAN_INTENSITY_CH5
23896556,1,0.674223780632,35.0,920.0,44.0,142.007220217,72.4873646209,12.1949458484,12.3465703971,49.3465703971
23896173,1,0.677954614162,35.0,921.0,33.0,136.805054152,68.963898917,11.7003610108,13.5848375451,60.3610108303
23896429,1,0.677617669106,35.0,920.0,42.0,138.310469314,76.4368231047,11.9386281588,14.7942238267,53.6498194946
23896296,1,0.416902631521,34.0,919.0,31.0,136.263537906,72.2960288809,11.6462093863,14.844765343,57.8194945848
23897320,1,3.12765002251,35.0,935.0,51.0,163.137184116,1295.01805054,108.458483755,79.1588447653,64.4115523466
23898091,1,5.17269849777,39.0,943.0,48.0,173.155234657,1588.96389892,134.545126354,79.9133574007,61.6317689531
23895142,1,3.48840403557,62.0,938.0,4.0,856.913357401,65.797833935,73.1083032491,3.07220216606,28.4187725632
23897702,1,3.26896643639,35.0,932.0,59.0,106.667870036,1264.94223827,106.924187726,80.6281588448,73.0216606498
23894375,1,2.93677854538,61.0,937.0,2.0,733.231046931,98.7509025271,62.5631768953,5.95667870036,31.7039711191
23894497,1,2.26617002487,62.0,940.0,17.0,165.444043321,586.44765343,50.0108303249,72.0577617329,44.5559566787
23894627,1,3.87302684784,67.0,960.0,22.0,115.642599278,1239.22021661,105.718411552,80.4223826715,46.9025270758
23894268,1,8.1420249939,64.0,934.0,14.0,2139.79783394,163.754512635,174.335740072,2.98194945848,33.916967509
23898748,1,3.94221711159,34.0,930.0,72.0,135.78700361,1252.30685921,103.960288809,79.5631768953,106.314079422
23895550,1,0.526554226875,36.0,921.0,32.0,173.509025271,59.1877256318,14.8086642599,8.30685920578,49.0036101083
23898495,1,4.19354009628,34.0,932.0,69.0,100.996389892,1255.49097473,101.194945848,81.0433212996,103.025270758
23895032,1,6.03479671478,57.0,961.0,23.0,124.725631769,1565.83032491,133.584837545,80.880866426,37.285198556
23895673,1,0.65664345026,35.0,919.0,35.0,135.971119134,61.1010830325,11.6534296029,10.2996389892,54.6570397112
23896826,1,5.46942472458,40.0,942.0,47.0,145.602888087,1678.30685921,143.158844765,80.9205776173,49.9747292419
23894005,1,8.17597389221,63.0,945.0,13.0,1973.83393502,139.689530686,166.693140794,2.54512635379,36.0794223827
23895920,1,0.65579354763,36.0,919.0,39.0,137.902527076,61.274368231,11.761732852,9.62815884477,54.7436823105
23896048,1,0.641394674778,35.0,919.0,40.0,142.364620939,56.6173285199,12.155234657,8.10108303249,52.5523465704
23896688,1,4.76338624954,46.0,937.0,46.0,125.090252708,1570.92418773,132.996389892,81.2490974729,39.1805054152
23895795,1,0.735738933086,36.0,921.0,38.0,141.960288809,62.7220216606,12.1010830325,8.93501805054,56.0036101083
23897037,1,3.49984359741,33.0,934.0,58.0,115.693140794,1208.10108303,101.032490975,80.238267148,82.4801444043
23894858,1,4.60288047791,73.0,940.0,11.0,1299.8700361,47.6137184116,110.891696751,1.08664259928,25.9819494585
23895366,1,0.408220410347,34.0,918.0,27.0,128.216606498,65.3754512635,11.0036101083,12.4837545126,52.5270758123
23894215,1,4.01152658463,62.0,937.0,5.0,955.855595668,102.866425993,81.5342960289,4.559566787,33.1335740072
23895489,1,0.705325067043,36.0,920.0,29.0,138.909747292,61.0469314079,11.8339350181,9.61010830325,52.3862815884
23898333,1,2.67896676064,34.0,931.0,66.0,116.292418773,979.350180505,79.8953068592,79.0036101083,88.4259927798
23895256,1,3.71385717392,58.0,938.0,3.0,854.620938628,110.505415162,72.8916967509,5.16606498195,32.9494584838
23894104,1,6.80662107468,67.0,932.0,10.0,1623.20216606,125.429602888,138.469314079,3.47653429603,34.0108303249
23897177,1,2.66723871231,34.0,933.0,54.0,158.064981949,1164.65703971,96.4079422383,78.8844765343,70.202166065
23894746,1,3.55746412277,63.0,934.0,19.0,97.7220216606,941.23465704,80.2888086643,79.8519855596,34.2527075812
23898577,1,4.43579101562,34.0,932.0,70.0,103.379061372,1304.75451264,105.938628159,81.1985559567,106.144404332
23897554,1,3.46104168892,34.0,931.0,60.0,113.38267148,1196.47292419,101.061371841,80.1444043321,82.0252707581
23897938,1,2.68894219398,33.0,932.0,65.0,120.509025271,1136.98916968,94.9747292419,79.6534296029,96.6678700361
23896492,1,0.38829344511,33.0,920.0,41.0,136.101083032,55.6534296029,11.6137184116,10.6967509025,55.4151624549
23895085,1,7.16047382355,65.0,939.0,12.0,1673.28158845,105.9566787,141.671480144,2.46931407942,29.9097472924
23898413,1,3.12367510796,34.0,933.0,67.0,105.541516245,1092.19855596,90.5559566787,80.4548736462,108.342960289
23896622,1,3.70180583,48.0,930.0,25.0,140.992779783,1286.1732852,109.703971119,79.7436823105,25.9205776173
23898030,1,3.587266922,34.0,933.0,62.0,125.184115523,1225.81588448,102.815884477,80.0505415162,84.7581227437
23896111,1,0.377876132727,34.0,917.0,30.0,137.321299639,70.7509025271,11.7292418773,12.4981949458,53.285198556
23896234,1,0.745776712894,35.0,919.0,36.0,141.848375451,62.2310469314,12.1299638989,9.6642599278,52.7075812274
23896363,1,0.647571146488,35.0,921.0,43.0,137.85198556,60.0685920578,11.8122743682,9.73285198556,50.6281588448
23898660,1,4.0414891243,34.0,931.0,71.0,150.407942238,1272.10469314,105.80866426,79.1877256318,105.350180505
23894053,1,2.13808441162,63.0,935.0,0.0,595.516245487,37.9133574007,50.7725631769,2.63898916968,25.5162454874
23894435,1,3.22218370438,68.0,930.0,21.0,77.4259927798,1109.21299639,94.5848375451,81.5306859206,28.1371841155
23897251,1,3.20285058022,35.0,934.0,55.0,136.678700361,1243.67509025,105.108303249,79.8231046931,76.6317689531
23896892,1,4.02161931992,36.0,938.0,49.0,168.483754513,1471.6534296,125.55234657,79.5162454874,62.6895306859
23897400,1,3.05622339249,34.0,933.0,63.0,112.072202166,1201.37184116,101.523465704,80.3971119134,88.6642599278
23895610,1,0.696017324924,35.0,919.0,28.0,145.566787004,62.714801444,12.4223826715,9.36462093863,55.4981949458
23898170,1,2.57924842834,34.0,934.0,64.0,107.667870036,1249.45126354,104.588447653,80.7581227437,87.9205776173
23894324,1,4.844145298,53.0,938.0,7.0,1130.90613718,115.440433213,96.4620938628,3.96389891697,36.6678700361
23895734,1,0.746061623096,36.0,920.0,37.0,147.028880866,63.9602888087,12.5198555957,8.69675090253,58.8267148014
23896758,1,0.656543254852,35.0,920.0,45.0,136.285198556,65.7400722022,11.8519855596,10.8592057762,45.5523465704
23894967,1,2.34128236771,60.0,937.0,1.0,657.848375451,60.7833935018,56.1010830325,3.8844765343,22.3068592058
23897783,1,3.64039564133,34.0,933.0,61.0,135.032490975,1227.15884477,103.696750903,79.7545126354,89.4368231047
23895856,1,0.714074015617,35.0,920.0,34.0,142.59566787,68.1985559567,11.7111913357,10.880866426,55.0072202166
23895986,1,4.35810279846,45.0,943.0,24.0,121.274368231,1408.16245487,120.144404332,80.8122743682,42.2779783394
23894158,1,5.92917394638,55.0,932.0,9.0,1369.31046931,142.36101083,116.819494585,4.38267148014,39.0252707581
23895306,1,3.70269870758,55.0,936.0,6.0,942.812274368,61.3646209386,80.4079422383,2.88086642599,26.5631768953
23898251,1,3.95110917091,33.0,933.0,68.0,127.722021661,1254.74729242,103.054151625,80.2274368231,107.758122744
23895428,1,0.682846307755,36.0,921.0,26.0,145.241877256,56.5162454874,12.4079422383,8.559566787,55.0505415162
23894912,1,6.02194976807,67.0,936.0,16.0,1610.44404332,384.55234657,136.368231047,9.65703971119,33.7003610108
23896960,1,2.5031516552,34.0,933.0,53.0,183.339350181,1164.2166065,96.285198556,78.1155234657,67.3971119134
23897473,1,3.01568055153,34.0,935.0,56.0,115.833935018,1210.26714801,102.23465704,80.4079422383,75.8014440433
23897859,1,2.99103140831,35.0,933.0,57.0,112.281588448,1235.12274368,105.350180505,80.5415162455,72.1480144404
23894687,1,2.72723221779,63.0,940.0,18.0,99.1660649819,729.097472924,62.1877256318,78.2924187726,37.5018050542
23894559,1,3.70430040359,59.0,931.0,20.0,81.4115523466,1005.81227437,85.7725631769,80.8303249097,34.9855595668
23895194,1,5.43866682053,56.0,935.0,8.0,1229.93140794,124.368231047,104.963898917,4.05054151625,33.1660649819
23897626,1,2.83858346939,34.0,933.0,52.0,146.231046931,1174.42599278,97.1588447653,79.0288808664,71.3393501805
23897106,1,3.1435546875,37.0,936.0,50.0,193.249097473,1496.89891697,127.660649819,79.1046931408,63.5162454874
23894803,1,8.16420173645,60.0,937.0,15.0,2248.39350181,215.707581227,184.462093863,4.02888086643,32.2527075812
23896428,2,1.84192764759,720.0,903.0,42.0,637.505415162,88.7942238267,54.3682310469,5.01444043321,31.1444043321
23896685,2,1.02966248989,715.0,905.0,46.0,424.772563177,77.8158844765,36.2418772563,6.97833935018,33.523465704
23895919,2,1.3360067606,706.0,910.0,39.0,613.321299639,70.6173285199,52.3140794224,4.3285198556,61.4296028881
23896047,2,1.43396282196,709.0,909.0,40.0,620.093862816,93.2815884477,52.8880866426,5.57761732852,49.2563176895
23894376,2,1.18671143055,704.0,942.0,2.0,398.566787004,89.4007220217,33.9963898917,9.14079422383,31.8158844765
23898088,2,1.41765892506,707.0,914.0,48.0,554.790613718,103.794223827,47.321299639,7.49097472924,48.6245487365
23896170,2,1.77292823792,690.0,895.0,33.0,640.78700361,82.6534296029,54.6642599278,5.21299638989,32.5812274368
23896555,2,1.61843717098,682.0,918.0,44.0,550.790613718,93.6859205776,46.9855595668,6.87003610108,33.5126353791
23897316,2,1.51923036575,695.0,895.0,51.0,612.339350181,104.173285199,52.2490974729,6.42599277978,37.0397111913
23896293,2,1.61732268333,675.0,882.0,31.0,597.783393502,85.8844765343,50.9819494585,5.62454873646,30.321299639
23895143,2,1.47961568832,709.0,942.0,4.0,497.451263538,55.3898916968,41.4259927798,4.58122743682,31.3249097473
23894496,2,1.41383910179,716.0,939.0,17.0,565.942238267,49.1083032491,48.2888086643,2.94945848375,28.036101083
23894269,2,1.68830251694,714.0,943.0,14.0,549.891696751,61.6209386282,45.9097472924,4.42599277978,22.7436823105
23896957,2,1.59763300419,693.0,897.0,53.0,620.050541516,98.2166064982,52.9025270758,6.15523465704,44.0685920578
23895547,2,1.56742274761,684.0,887.0,32.0,597.133574007,75.0216606498,50.963898917,4.89530685921,32.3176895307
23894004,2,1.62903833389,708.0,939.0,13.0,501.379061372,48.6606498195,42.4368231047,3.92779783394,29.7797833935
23895670,2,1.84007835388,692.0,878.0,35.0,697.888086643,98.1985559567,59.5523465704,5.45848375451,36.4837545126
23896823,2,1.24954795837,715.0,905.0,47.0,513.176895307,85.9566787004,43.7472924188,6.59205776173,33.3285198556
23895793,2,1.93422305584,711.0,899.0,38.0,784.039711191,96.3249097473,66.8736462094,4.72924187726,40.8014440433
23895026,2,1.63593626022,667.0,887.0,23.0,567.375451264,44.3790613718,48.3898916968,2.94945848375,25.2454873646
23894216,2,1.87023615837,708.0,943.0,5.0,603.783393502,79.8880866426,50.5090252708,5.50180505415,33.4584837545
23894857,2,2.12505936623,709.0,939.0,11.0,784.018050542,55.1660649819,66.8736462094,2.64259927798,30.3393501805
23895363,2,1.54303562641,678.0,885.0,27.0,528.379061372,71.0180505415,45.0505415162,5.12996389892,34.8953068592
23894622,2,1.87947738171,704.0,898.0,22.0,621.707581227,75.761732852,53.0577617329,4.71119133574,73.0758122744
23895257,2,1.808390975,707.0,942.0,3.0,521.494584838,112.42599278,44.5018050542,8.16245487365,39.6245487365
23894105,2,2.34600949287,710.0,939.0,10.0,807.664259928,74.4729241877,68.9025270758,3.59927797834,34.1371841155
23894747,2,1.9637748003,735.0,945.0,19.0,645.732851986,80.3935018051,55.119133574,4.51985559567,33.0144404332
23897173,2,1.71557247639,696.0,895.0,54.0,658.700361011,82.3285198556,56.2129963899,4.91335740072,36.8700361011
23896108,2,1.57840096951,683.0,888.0,30.0,575.162454874,59.4512635379,49.0722021661,4.2238267148,29.1335740072
23895853,2,1.74344348907,694.0,888.0,34.0,648.935018051,63.2671480144,55.3465703971,3.96028880866,35.1696750903
23895086,2,1.78945314884,709.0,941.0,12.0,529.133574007,59.6931407942,45.1732851986,4.02888086643,29.7436823105
23896232,2,1.95267117023,702.0,889.0,36.0,739.877256318,81.9711191336,63.1119133574,4.3285198556,33.5415162455
23896617,2,1.49952077866,650.0,867.0,25.0,524.877256318,57.9927797834,44.7509025271,4.29602888087,29.523465704
23896361,2,2.25467562675,702.0,901.0,43.0,702.902527076,94.8122743682,59.9458483755,4.91335740072,44.8483754513
23895978,2,1.56156384945,648.0,866.0,24.0,553.812274368,63.4909747292,46.6209386282,4.35018050542,31.2057761733
23896490,2,1.75164294243,707.0,901.0,41.0,638.371841155,78.7003610108,54.4657039711,4.37184115523,31.9386281588
23894054,2,0.470624476671,706.0,943.0,0.0,211.079422383,16.1841155235,17.9963898917,3.04693140794,18.4729241877
23894560,2,1.70101428032,720.0,937.0,20.0,595.353790614,63.2924187726,50.7833935018,4.05776173285,25.5667870036
23894434,2,1.5046620369,711.0,927.0,21.0,564.563176895,56.5342960289,48.1660649819,3.42238267148,35.7906137184
23895486,2,1.57804715633,694.0,883.0,29.0,549.870036101,66.5884476534,46.9241877256,4.70397111913,33.7436823105
23894969,2,0.746589064598,700.0,944.0,1.0,264.494584838,42.0,22.5667870036,5.78339350181,26.3068592058
23896889,2,1.35091710091,694.0,893.0,49.0,561.093862816,100.433212996,46.8664259928,6.92057761733,37.559566787
23895732,2,2.00177311897,717.0,900.0,37.0,786.974729242,70.8736462094,67.1155234657,3.49097472924,34.6859205776
23894325,2,2.11510324478,709.0,939.0,7.0,710.223826715,78.0938628159,59.5523465704,4.41877256318,31.9097472924
23895607,2,1.54083955288,670.0,877.0,28.0,535.090252708,64.9061371841,45.6570397112,4.67870036101,25.5090252708
23896754,2,1.60572326183,701.0,882.0,45.0,549.476534296,98.9819494585,46.9061371841,6.94223826715,34.0505415162
23894159,2,2.23131108284,713.0,936.0,9.0,777.007220217,71.40433213,65.2599277978,3.50180505415,35.8916967509
23897103,2,1.66635584831,695.0,894.0,50.0,608.036101083,103.768953069,51.8844765343,6.45848375451,44.036101083
23895307,2,2.34721541405,706.0,946.0,6.0,705.920577617,92.3285198556,60.2274368231,5.09386281588,37.3862815884
23894913,2,2.01634836197,704.0,940.0,16.0,566.848375451,87.7797833935,48.3429602888,5.58844765343,31.0324909747
23895426,2,1.66610324383,674.0,881.0,26.0,547.989169675,81.6895306859,46.7761732852,5.8880866426,33.4729241877
23897247,2,1.04319238663,684.0,896.0,55.0,365.592057762,48.9458483755,31.1805054152,4.92779783394,25.4981949458
23895195,2,2.07120275497,705.0,941.0,8.0,722.509025271,72.8303249097,61.6245487365,4.05054151625,35.5559566787
23894804,2,1.82529449463,709.0,940.0,15.0,595.74368231,59.9061371841,50.8086642599,3.13718411552,29.8411552347
23897623,2,1.71937084198,697.0,895.0,52.0,658.194945848,131.115523466,56.1371841155,7.81949458484,40.0974729242
23895144,3,1.71644246578,346.0,964.0,4.0,396.884476534,82.083032491,33.8628158845,8.20938628159,28.2057761733
23894377,3,1.20749843121,353.0,961.0,2.0,310.314079422,66.1732851986,26.4909747292,9.35740072202,29.523465704
23894628,3,3.16151309013,341.0,966.0,22.0,74.0144404332,939.815884477,80.1299638989,81.0685920578,23.3104693141
23894438,3,4.26645946503,348.0,964.0,21.0,107.974729242,1037.1732852,88.476534296,79.9494584838,26.4729241877
23894055,3,1.11163783073,355.0,965.0,0.0,291.422382671,61.7761732852,24.8844765343,9.59205776173,28.2815884477
23894689,3,2.90397787094,333.0,963.0,18.0,92.5054151625,710.220216606,60.5559566787,78.6714801444,31.9133574007
23894561,3,3.15118360519,351.0,949.0,20.0,89.5559566787,876.848375451,74.8303249097,80.0072202166,29.4259927798
23894499,3,2.18106508255,353.0,969.0,17.0,90.6931407942,570.184115523,48.6462093863,77.4079422383,32.7942238267
23895614,3,4.01689004898,304.0,998.0,28.0,343.158844765,1276.7400722,108.909747292,73.083032491,24.4945848375
23894271,3,4.07267808914,339.0,961.0,14.0,1037.58844765,158.657039711,88.4801444043,6.24909747292,28.1227436823
23895033,3,4.13296699524,337.0,961.0,23.0,115.346570397,1147.45126354,97.9025270758,80.1985559567,29.2924187726
23894970,3,1.03229951859,352.0,963.0,1.0,291.19133574,50.6895306859,24.8375451264,7.16245487365,30.797833935
23894326,3,2.17984938622,344.0,962.0,7.0,471.158844765,87.5487364621,40.2129963899,8.03610108303,26.1371841155
23894007,3,3.28301215172,337.0,971.0,13.0,868.469314079,129.072202166,74.0722021661,6.1083032491,27.3935018051
23895088,3,3.9668211937,337.0,967.0,12.0,914.83032491,131.342960289,78.0288808664,5.15884476534,31.3971119134
23896625,3,4.40978908539,320.0,984.0,25.0,149.0433213,1285.44765343,109.649819495,79.4007220217,33.2129963899
23895987,3,3.72484302521,337.0,974.0,24.0,99.9314079422,1153.82310469,98.40433213,80.8086642599,24.714801444
23895308,3,1.75687038898,342.0,961.0,6.0,418.722021661,65.8844765343,35.7111913357,6.7797833935,26.3285198556
23894217,3,1.67489755154,348.0,967.0,5.0,401.996389892,59.5740072202,34.274368231,6.85559566787,29.1805054152
23894859,3,3.18279385567,330.0,961.0,11.0,764.277978339,110.368231047,65.1841155235,5.75090252708,29.0794223827
23895371,3,6.51915121078,293.0,1008.0,27.0,291.111913357,1677.02166065,142.054151625,76.9675090253,26.9025270758
23894914,3,1.4824026823,335.0,965.0,16.0,88.6678700361,402.534296029,34.3465703971,75.0072202166,23.6173285199
23895260,3,1.40475273132,349.0,964.0,3.0,360.678700361,50.1696750903,30.7761732852,5.50902527076,27.1877256318
23895196,3,2.04823923111,344.0,965.0,8.0,489.111913357,73.0216606498,41.7364620939,5.93140794224,24.6245487365
23894748,3,2.28402066231,339.0,955.0,19.0,68.0613718412,691.194945848,58.963898917,80.1660649819,22.4945848375
23894106,3,2.28253602982,330.0,957.0,10.0,582.570397112,65.0902527076,49.6823104693,4.8880866426,23.8194945848
23894805,3,1.94127237797,326.0,958.0,15.0,541.314079422,274.083032491,46.1805054152,20.5703971119,23.7689530686
23894160,3,2.18242692947,343.0,962.0,9.0,512.140794224,86.5198555957,42.8664259928,7.6678700361,24.6028880866
23895340,17,2.83847355843,452.0,383.0,27.0,649.678700361,54.3754512635,55.4296028881,2.20938628159,55.6823104693
23895279,17,1.52859830856,471.0,368.0,6.0,352.324909747,102.003610108,30.0433212996,8.1083032491,193.700361011
23894889,17,3.04107046127,447.0,384.0,16.0,686.805054152,42.6064981949,58.59566787,1.56317689531,29.1480144404
23895465,17,2.8779566288,452.0,384.0,29.0,643.584837545,43.9494584838,54.9133574007,1.60649819495,58.0397111913
23894187,17,1.49712741375,472.0,368.0,5.0,346.888086643,112.386281588,29.59566787,10.036101083,199.454873646
23895403,17,2.91959452629,451.0,385.0,26.0,674.660649819,53.0180505415,57.5559566787,1.99277978339,56.3754512635
23894245,17,3.95952224731,446.0,384.0,14.0,769.768953069,50.4259927798,65.6498194946,1.52346570397,24.3754512635
23894945,17,1.44621527195,471.0,369.0,1.0,329.299638989,93.6570397112,28.0974729242,8.21660649819,213.754512635
23895586,17,2.89475631714,451.0,383.0,28.0,650.054151625,48.3321299639,55.4729241877,1.85198555957,56.4296028881
23895224,17,1.43959832191,471.0,368.0,3.0,356.238267148,103.104693141,30.3718411552,8.65703971119,212.039711191
23894779,17,3.43658399582,447.0,384.0,15.0,729.696750903,47.6137184116,61.238267148,1.54873646209,24.2454873646
23894836,17,1.30812454224,460.0,399.0,11.0,333.314079422,125.866425993,28.4187725632,11.6895306859,146.108303249
23894135,17,1.42107629776,472.0,367.0,9.0,371.368231047,129.379061372,31.6895306859,11.6931407942,162.754512635
23894031,17,1.36412262917,472.0,368.0,0.0,324.259927798,80.9927797834,27.6642599278,7.17328519856,222.079422383
23894351,17,1.42818522453,471.0,367.0,2.0,341.267148014,110.252707581,29.0938628159,9.48375451264,212.187725632
23894472,17,3.28486728668,447.0,385.0,17.0,708.78700361,60.3501805054,59.4620938628,2.28519855596,35.4909747292
23894409,17,3.29992055893,448.0,384.0,21.0,697.740072202,58.5776173285,59.523465704,2.07942238267,46.3104693141
23895114,17,1.42059493065,471.0,368.0,4.0,360.920577617,105.837545126,30.8158844765,8.9963898917,200.584837545
23894533,17,2.90366768837,448.0,384.0,20.0,657.74368231,49.7184115523,56.119133574,1.95306859206,41.6931407942
23894597,17,2.85851144791,448.0,385.0,22.0,628.292418773,62.8267148014,53.6064981949,2.49097472924,48.6967509025
23894662,17,3.02331423759,447.0,385.0,18.0,671.014440433,44.0,57.2202166065,1.70758122744,38.9350180505
23895170,17,1.54669332504,471.0,368.0,8.0,345.909747292,118.736462094,29.5162454874,10.8375451264,170.350180505
23894722,17,3.09414815903,448.0,385.0,19.0,685.916967509,61.3429602888,58.5379061372,2.440433213,40.1660649819
23893980,17,3.90360856056,445.0,384.0,13.0,755.350180505,34.1805054152,64.4115523466,1.53790613718,19.5342960289
23895960,17,2.8805346489,449.0,383.0,24.0,649.379061372,53.2960288809,55.3898916968,1.97833935018,54.1371841155
23894299,17,1.36715507507,472.0,368.0,7.0,352.223826715,107.610108303,29.1660649819,9.20577617329,185.78700361
23895003,17,3.09899687767,449.0,384.0,23.0,688.44765343,57.083032491,58.7292418773,2.00722021661,48.4548736462
23895063,17,2.18973350525,456.0,395.0,12.0,590.498194946,30.4729241877,50.3790613718,1.45848375451,22.2238267148
23896087,17,2.90419745445,452.0,383.0,30.0,642.913357401,49.1949458484,54.8483754513,1.79422382671,66.1768953069
23896272,17,2.90027046204,452.0,384.0,31.0,639.61732852,43.8519855596,53.5848375451,1.5559566787,59.5306859206
23896595,17,2.83180427551,450.0,384.0,25.0,648.671480144,53.6028880866,55.3610108303,1.97833935018,53.0649819495
23894894,35,6.13721656799,434.0,512.0,16.0,4174.42599278,59.274368231,239.635379061,0.375451263538,32.3646209386
23894953,35,7.6796245575,434.0,516.0,1.0,2986.68231047,26.285198556,245.534296029,0.0361010830325,20.238267148
23894250,35,6.57080125809,437.0,517.0,14.0,4595.3032491,89.0685920578,250.115523466,0.736462093863,38.1155234657
23893986,35,6.8134894371,436.0,518.0,13.0,4480.81588448,87.238267148,250.610108303,0.714801444043,32.4620938628
23895010,35,5.48347330093,427.0,512.0,23.0,4643.63537906,64.7581227437,230.631768953,0.519855595668,31.6064981949
23894307,35,7.40392541885,437.0,517.0,7.0,3613.02166065,31.3176895307,251.570397112,0.0613718411552,24.2057761733
23894142,35,7.39744710922,437.0,517.0,9.0,4093.9566787,78.0252707581,250.375451264,0.58844765343,29.2274368231
23894841,35,6.93867778778,436.0,517.0,11.0,4251.62454874,69.59566787,250.584837545,0.472924187726,30.916967509
23894196,35,7.38319778442,439.0,516.0,5.0,3222.1299639,22.2418772563,246.220216606,0.0252707581227,18.0108303249
23895412,35,5.19185829163,436.0,531.0,26.0,4458.06137184,62.9133574007,228.007220217,0.447653429603,38.3935018051
23895287,35,7.27363157272,435.0,517.0,6.0,3413.91696751,24.3718411552,252.472924188,0.043321299639,20.6281588448
23894540,35,5.90394735336,429.0,516.0,20.0,3897.83032491,62.6028880866,223.653429603,0.487364620939,29.7292418773
23894604,35,5.31982135773,426.0,528.0,22.0,3560.76534296,44.0866425993,225.108303249,0.216606498195,24.4512635379
23894669,35,5.78920841217,434.0,513.0,18.0,4885.09025271,75.8989169675,240.577617329,0.678700361011,31.5776173285
23894478,35,5.96539640427,437.0,514.0,17.0,4529.70397112,84.9783393502,231.776173285,0.812274368231,31.6245487365
23894728,35,5.79127883911,431.0,513.0,19.0,3997.68953069,63.1841155235,226.335740072,0.501805054152,30.9350180505
23895177,35,7.0229101181,436.0,517.0,8.0,3455.36462094,36.5198555957,252.389891697,0.151624548736,20.5054151625
23894087,35,7.3157453537,437.0,514.0,10.0,4160.14440433,80.1407942238,249.797833935,0.642599277978,33.7292418773
23894785,35,6.3966999054,440.0,513.0,15.0,4128.81227437,70.0902527076,236.675090253,0.509025270758,24.1624548736
23895234,35,7.43154144287,436.0,516.0,3.0,2979.96389892,24.963898917,239.768953069,0.0649819494585,15.0722021661
23895068,35,6.92461395264,435.0,517.0,12.0,4283.64620939,77.3862815884,246.115523466,0.631768953069,32.0685920578
23895966,35,5.54865264893,430.0,532.0,24.0,4041.92418773,58.4115523466,227.176895307,0.393501805054,33.1768953069
23894041,35,7.77850866318,436.0,517.0,0.0,2980.71841155,17.5631768953,243.823104693,0.00361010830325,19.2527075812
23896603,35,5.33667755127,430.0,530.0,25.0,4298.49097473,61.9205776173,229.534296029,0.436823104693,39.4873646209
23894359,35,8.27504348755,435.0,514.0,2.0,3524.61732852,70.6859205776,242.736462094,0.548736462094,24.2166064982
23894416,35,5.52138996124,434.0,518.0,21.0,3977.41516245,45.1516245487,226.754512635,0.274368231047,30.7400722022
23895123,35,7.45598840714,435.0,517.0,4.0,3089.23465704,15.6498194946,246.187725632,0.028880866426,16.1046931408
23894892,39,2.29971051216,339.0,455.0,16.0,63.274368231,544.610108303,46.4693140794,78.9458483755,20.8953068592
23895406,39,4.89304351807,338.0,455.0,26.0,102.974729242,1237.8700361,105.610108303,80.8664259928,28.0758122744
23894248,39,1.72094976902,341.0,455.0,14.0,70.5054151625,438.335740072,37.3790613718,77.4657039711,21.0866425993
23895528,39,5.48037719727,342.0,454.0,32.0,380.949458484,1589.85198556,135.642599278,74.2490974729,27.0902527076
23898216,39,7.15559053421,431.0,447.0,68.0,3524.54873646,50.155234657,240.891696751,0.350180505415,34.1407942238
23897445,39,1.97879481316,393.0,419.0,56.0,185.288808664,746.281588448,62.916967509,70.0974729242,23.4368231047
23896934,39,4.35622358322,407.0,454.0,53.0,1603.44043321,63.2202166065,131.747292419,1.49458483755,27.523465704
23895008,39,4.1095328331,340.0,453.0,23.0,87.7509025271,1050.2166065,89.5848375451,80.9530685921,29.1949458484
23896801,39,0.685592353344,364.0,445.0,47.0,534.758122744,55.6823104693,45.6173285199,4.80144404332,28.6137184116
23895650,39,1.14686107635,343.0,450.0,35.0,302.335740072,71.3249097473,25.7797833935,9.45126353791,33.1480144404
23897827,39,5.92687034607,390.0,405.0,57.0,3917.3465704,70.8519855596,233.129963899,0.768953068592,38.9602888087
23894140,39,3.9875330925,333.0,447.0,9.0,1047.05776173,138.754512635,89.357400722,5.08664259928,24.9783393502
23894783,39,2.2865858078,338.0,453.0,15.0,69.725631769,514.960288809,43.9277978339,77.2924187726,24.0866425993
23897081,39,5.78440713882,371.0,455.0,50.0,3854.58122744,42.2888086643,218.079422383,0.212996389892,39.1696750903
23895285,39,3.46213412285,333.0,469.0,6.0,823.0,83.2671480144,70.2454873646,3.73285198556,24.9205776173
23894476,39,2.49258637428,340.0,454.0,17.0,67.7689530686,605.599277978,51.6750902527,79.5054151625,22.8050541516
23897295,39,6.19518089294,395.0,457.0,51.0,3797.62815884,64.8411552347,230.527075812,0.559566787004,33.5703971119
23894601,39,3.68465447426,338.0,453.0,22.0,71.7761732852,970.909747292,82.844765343,81.2996389892,25.7906137184
23897673,39,6.12905406952,432.0,463.0,59.0,4030.92779783,49.8122743682,239.480144404,0.324909747292,33.274368231
23894085,39,5.5073928833,338.0,453.0,10.0,1194.82310469,217.750902527,101.884476534,7.20216606498,25.5090252708
23894726,39,3.12155413628,340.0,455.0,19.0,75.6281588448,781.227436823,66.6389891697,80.2346570397,27.4548736462
23895232,39,2.77755475044,335.0,459.0,3.0,640.826714801,51.1299638989,53.6462093863,3.25270758123,17.3104693141
23898462,39,6.78088140488,428.0,450.0,69.0,3255.02527076,53.1805054152,233.783393502,0.303249097473,31.1768953069
23893983,39,1.88290190697,341.0,454.0,13.0,74.4512635379,408.436823105,34.8592057762,75.7184115523,21.4007220217
23895775,39,5.08112430573,358.0,463.0,38.0,3641.86281588,44.0216606498,224.768953069,0.321299638989,28.8772563177
23896152,39,5.48846960068,347.0,458.0,33.0,453.509025271,1529.50902527,130.501805054,71.7653429603,32.6642599278
23896408,39,2.7463247776,358.0,446.0,42.0,831.16967509,82.5379061372,69.9241877256,3.59205776173,28.2166064982
23896025,39,2.06228375435,349.0,451.0,40.0,658.909747292,69.1732851986,56.2274368231,4.09025270758,29.5487364621
23895898,39,1.18089282513,345.0,458.0,39.0,770.823104693,99.7797833935,65.7364620939,4.74729241877,32.4584837545
23894357,39,2.35794448853,334.0,456.0,2.0,589.357400722,70.4548736462,50.274368231,4.5559566787,19.6570397112
23898709,39,6.82039022446,432.0,433.0,72.0,2499.02166065,23.642599278,201.577617329,0.0974729241877,25.3610108303
23896662,39,5.21109199524,362.0,435.0,46.0,3866.88447653,47.3898916968,229.870036101,0.324909747292,39.0505415162
23896535,39,3.63286733627,347.0,445.0,44.0,801.025270758,64.285198556,68.3321299639,2.92057761733,38.3249097473
23895121,39,3.32844543457,341.0,450.0,4.0,748.653429603,79.8664259928,63.8664259928,4.84837545126,16.3285198556
23898065,39,6.65089464188,374.0,454.0,48.0,3500.62454874,69.2202166065,223.628158845,0.584837545126,36.0649819495
23896275,39,5.6357755661,334.0,456.0,31.0,274.740072202,1514.62815884,129.241877256,76.6823104693,28.6859205776
23895468,39,5.16241121292,340.0,453.0,29.0,155.873646209,1390.20938628,118.613718412,79.6967509025,28.4187725632
23895343,39,5.215092659,342.0,454.0,27.0,116.422382671,1367.64620939,116.685920578,81.0036101083,31.4332129964
23898543,39,7.59301662445,412.0,469.0,70.0,2955.67148014,53.8772563177,214.768953069,0.584837545126,40.1444043321
23897003,39,5.63396453857,411.0,421.0,58.0,4018.39350181,35.9675090253,235.371841155,0.209386281588,33.1299638989
23895589,39,5.4646191597,339.0,456.0,28.0,127.411552347,1399.36101083,119.368231047,80.5270758123,25.9711191336
23896869,39,5.73587274551,360.0,456.0,49.0,3847.02166065,75.3249097473,215.682310469,0.790613718412,44.0252707581
23894951,39,2.50032258034,340.0,460.0,1.0,570.0,104.429602888,48.6101083032,6.98194945848,19.5523465704
23894305,39,4.50793552399,341.0,452.0,7.0,970.469314079,90.1010830325,82.7797833935,3.95667870036,19.4512635379
23895714,39,2.67298531532,344.0,455.0,37.0,709.555956679,135.068592058,60.5487364621,7.43682310469,33.6750902527
23897149,39,6.19285774231,413.0,423.0,54.0,4376.96750903,46.5884476534,244.906137184,0.310469314079,33.2815884477
23898301,39,6.04419898987,411.0,454.0,66.0,2983.31046931,31.2563176895,219.581227437,0.115523465704,34.3393501805
23894839,39,3.14192581177,338.0,453.0,11.0,715.689530686,262.592057762,61.0577617329,15.7761732852,28.8736462094
23894194,39,3.42581224442,340.0,450.0,5.0,765.566787004,85.3465703971,65.3357400722,5.06137184116,23.2093862816
23897522,39,5.62827301025,413.0,451.0,60.0,4312.90252708,104.772563177,234.74368231,1.08303249097,30.6606498195
23894412,39,3.31300115585,343.0,456.0,21.0,71.9458483755,851.433212996,72.6064981949,80.7653429603,26.1805054152
23898381,39,6.93255567551,408.0,463.0,67.0,3346.93140794,69.8844765343,222.631768953,0.72202166065,26.5703971119
23894538,39,3.27069354057,342.0,453.0,20.0,71.8880866426,788.108303249,67.2815884477,80.4296028881,26.5342960289
23894667,39,2.72365689278,342.0,455.0,18.0,63.3935018051,669.238267148,57.0974729242,80.2707581227,25.0866425993
23897988,39,2.17273116112,400.0,450.0,62.0,86.8700361011,645.653429603,55.0685920578,77.9458483755,29.8231046931
23897221,39,6.38008499146,408.0,419.0,55.0,3826.72202166,32.4945848375,238.989169675,0.0974729241877,33.0505415162
23895175,39,4.66311359406,341.0,453.0,8.0,995.375451264,129.364620939,84.9097472924,5.53429602888,27.8844765343
23897600,39,6.45432186127,406.0,459.0,52.0,3755.20216606,40.9963898917,224.678700361,0.151624548736,37.8050541516
23898624,39,6.03389835358,424.0,458.0,71.0,3350.82310469,44.6064981949,228.938628159,0.281588447653,31.4801444043
23896733,39,2.67270946503,351.0,438.0,45.0,931.155234657,94.4837545126,79.4223826715,3.93140794224,32.8194945848
23896472,39,3.1375515461,359.0,448.0,41.0,877.844765343,118.122743682,74.8916967509,5.24187725632,33.6606498195
23895066,39,1.54386472702,340.0,454.0,12.0,106.790613718,343.729241877,29.3068592058,69.0288808664,25.1588447653
23896090,39,5.82967376709,343.0,452.0,30.0,193.018050542,1510.68953069,128.862815884,78.9350180505,25.4368231047
23895834,39,2.96610856056,346.0,451.0,34.0,401.064981949,1039.15162455,88.6498194946,68.1083032491,36.1119133574
23895963,39,3.51841378212,338.0,452.0,24.0,78.5415162455,968.310469314,82.6028880866,81.1010830325,25.5198555957
23896212,39,1.55723440647,339.0,448.0,36.0,376.732851986,65.6137184116,32.1407942238,7.19494584838,29.9241877256
23896341,39,2.91241765022,355.0,458.0,43.0,758.054151625,61.0685920578,64.6281588448,3.12635379061,28.2888086643
23897365,39,0.391619175673,413.0,454.0,63.0,180.0,65.9711191336,16.797833935,14.3537906137,22.2635379061
23894039,39,2.35060048103,341.0,454.0,0.0,530.036101083,49.036101083,45.2057761733,3.45487364621,12.8375451264
23896599,39,4.11029243469,338.0,454.0,25.0,89.8014440433,1114.27797834,95.0469314079,81.0758122744,28.3826714801
23897751,39,1.50786292553,412.0,444.0,61.0,241.111913357,929.487364621,78.8086642599,73.4548736462,31.8050541516
23894888,41,1.68320989609,480.0,381.0,16.0,345.314079422,114.436823105,29.4729241877,9.51263537906,142.209386282
23895402,41,1.6062541008,480.0,382.0,26.0,345.0433213,110.59566787,29.4548736462,9.5523465704,121.458483755
23894244,41,1.70692074299,480.0,380.0,14.0,348.563176895,116.350180505,29.7328519856,9.61371841155,145.884476534
23895525,41,1.71179699898,480.0,382.0,32.0,349.389891697,115.321299639,29.8014440433,9.64620938628,108.472924188
23896929,41,1.75074219704,480.0,381.0,53.0,358.407942238,116.635379061,30.5848375451,10.0072202166,103.0
23897441,41,1.6656935215,479.0,382.0,56.0,350.823104693,108.519855596,29.9205776173,9.1083032491,100.144404332
23898210,41,1.52223443985,479.0,382.0,68.0,335.397111913,111.657039711,28.6209386282,11.2274368231,93.2238267148
23897981,41,1.62549591064,479.0,382.0,62.0,344.252707581,117.534296029,29.3321299639,10.9675090253,91.0541516245
23894137,41,2.13733959198,462.0,383.0,9.0,591.537906137,16.5631768953,50.4657039711,1.28519855596,20.5090252708
23894778,41,1.73218882084,480.0,381.0,15.0,354.014440433,115.028880866,30.1985559567,9.51985559567,144.306859206
23898618,41,1.74464738369,479.0,381.0,71.0,372.097472924,121.238267148,31.7436823105,10.5090252708,95.8375451264
23897595,41,1.80013084412,480.0,382.0,52.0,370.989169675,101.498194946,31.6534296029,7.31407942238,103.548736462
23897077,41,1.77307939529,479.0,381.0,50.0,353.509025271,110.927797834,30.1805054152,9.06498194946,111.747292419
23895281,41,2.1482732296,458.0,387.0,6.0,578.620938628,7.64620938628,49.3429602888,0.310469314079,16.3537906137
23895117,41,2.04720687866,459.0,383.0,4.0,547.624548736,14.5487364621,46.7003610108,0.761732851986,21.3935018051
23896271,41,1.6251386404,480.0,382.0,31.0,347.646209386,106.440433213,29.4115523466,9.06137184116,110.960288809
23898703,41,1.73458135128,479.0,380.0,72.0,366.859205776,118.559566787,31.285198556,10.202166065,86.9241877256
23898058,41,1.61029434204,479.0,381.0,48.0,335.335740072,102.855595668,28.5920577617,9.3357400722,106.678700361
23897290,41,1.68818438053,480.0,381.0,51.0,346.010830325,119.779783394,29.5270758123,10.7942238267,103.797833935
23894596,41,1.50979983807,480.0,382.0,22.0,324.700361011,105.007220217,27.7039711191,9.89530685921,120.407942238
23894471,41,1.58184254169,480.0,382.0,17.0,330.400722022,112.083032491,28.1877256318,10.6823104693,139.202166065
23894721,41,1.52873706818,480.0,382.0,19.0,326.364620939,108.375451264,27.8303249097,10.2346570397,130.931407942
23897665,41,1.6550334692,480.0,381.0,59.0,343.628158845,106.545126354,29.2924187726,8.93140794224,96.7184115523
23894082,41,2.88991308212,460.0,381.0,10.0,744.588447653,58.0974729242,63.4657039711,2.76895306859,79.2563176895
23896797,41,1.53229570389,479.0,382.0,47.0,326.758122744,104.014440433,27.8519855596,9.67870036101,107.989169675
23895646,41,1.69682395458,480.0,381.0,35.0,350.906137184,106.16967509,29.9386281588,9.06137184116,120.855595668
23897823,41,1.69854032993,480.0,381.0,57.0,350.689530686,104.310469314,29.9061371841,8.59205776173,99.4801444043
23895002,41,1.53822028637,480.0,381.0,23.0,334.393501805,117.945848375,28.523465704,11.7075812274,121.805054152
23893979,41,1.74140119553,480.0,381.0,13.0,356.274368231,100.321299639,30.3718411552,8.03249097473,146.180505415
23895771,41,1.72477960587,480.0,382.0,38.0,351.249097473,122.841155235,29.9602888087,11.3285198556,149.129963899
23896148,41,1.72188031673,479.0,382.0,33.0,353.833935018,110.689530686,30.2166064982,9.11913357401,107.184115523
23896020,41,1.7214114666,479.0,382.0,40.0,356.974729242,110.476534296,30.4368231047,9.01444043321,150.819494585
23895893,41,1.70041441917,480.0,382.0,39.0,354.039711191,116.187725632,30.2093862816,10.1732851986,147.642599278
23898455,41,1.54720282555,479.0,381.0,69.0,340.725631769,115.794223827,29.0722021661,11.7725631769,88.8555956679
23894353,41,1.9496307373,458.0,384.0,2.0,496.570397112,25.4909747292,42.357400722,1.60649819495,16.7942238267
23896401,41,1.59121799469,479.0,382.0,42.0,337.072202166,107.097472924,28.7653429603,9.6714801444,136.288808664
23896529,41,1.61842823029,479.0,381.0,44.0,336.223826715,105.328519856,28.6967509025,9.78700361011,125.916967509
23896658,41,1.53577232361,479.0,381.0,46.0,333.389891697,108.472924188,28.4476534296,10.2996389892,117.440433213
23894189,41,2.44159579277,460.0,385.0,5.0,583.985559567,14.4873646209,49.8086642599,0.696750902527,21.8916967509
23895464,41,1.61940217018,480.0,381.0,29.0,346.072202166,103.16967509,28.5162454874,8.3285198556,112.010830325
23897512,41,1.70176386833,479.0,380.0,60.0,348.992779783,109.0,29.7870036101,9.43682310469,92.0649819495
23898536,41,1.69077992439,479.0,381.0,70.0,355.440433213,119.718411552,30.3357400722,11.1660649819,91.9494584838
23897898,41,1.59467101097,479.0,381.0,65.0,343.85198556,129.505415162,29.3285198556,13.3898916968,93.3104693141
23895339,41,1.58483362198,480.0,381.0,27.0,334.472924188,104.38267148,28.5162454874,9.16245487365,119.039711191
23896998,41,1.72615814209,479.0,382.0,58.0,354.223826715,103.317689531,30.2129963899,8.24909747292,95.2707581227
23895585,41,1.63881421089,479.0,381.0,28.0,340.364620939,108.664259928,29.0252707581,9.13718411552,115.303249097
23894947,41,1.72150695324,459.0,389.0,1.0,455.216606498,20.7870036101,38.8122743682,1.45848375451,13.7870036101
23897144,41,1.73571336269,480.0,381.0,54.0,356.205776173,110.711191336,30.3971119134,9.3357400722,99.0
23895226,41,2.2594730854,460.0,384.0,3.0,557.194945848,22.0072202166,47.5487364621,1.28519855596,21.5812274368
23898292,41,1.56348466873,479.0,381.0,66.0,332.758122744,114.252707581,28.3646209386,11.6209386282,86.0252707581
23894835,41,2.5704433918,453.0,380.0,11.0,618.844765343,14.1263537906,52.7725631769,0.613718411552,18.59566787
23896333,41,1.52139627934,479.0,382.0,43.0,322.458483755,106.779783394,27.5090252708,10.6967509025,132.440433213
23897358,41,1.62223243713,479.0,382.0,63.0,346.613718412,118.483754513,28.963898917,11.0649819495,99.1227436823
23897743,41,1.66337168217,480.0,381.0,61.0,347.610108303,106.610108303,29.6353790614,8.97833935018,89.4259927798
23894408,41,1.57617366314,480.0,381.0,21.0,328.624548736,109.321299639,28.0541516245,10.1480144404,127.270758123
23895172,41,2.34862756729,459.0,389.0,8.0,596.866425993,15.3935018051,50.9675090253,0.823104693141,16.7220216606
23894532,41,1.56947851181,479.0,381.0,20.0,331.812274368,100.40433213,28.3176895307,8.72202166065,131.277978339
23894661,41,1.62279951572,479.0,382.0,18.0,333.371841155,107.920577617,28.40433213,9.84837545126,140.963898917
23898375,41,1.60402023792,479.0,381.0,67.0,346.418772563,117.119133574,29.5812274368,11.5920577617,93.6678700361
23897216,41,1.76379072666,480.0,382.0,55.0,362.675090253,114.768953069,30.9494584838,10.4007220217,101.870036101
23894301,41,1.99482250214,461.0,384.0,7.0,584.166064982,12.8375451264,48.8231046931,0.808664259928,21.1444043321
23895710,41,1.72675895691,480.0,381.0,37.0,359.83032491,107.898916968,30.6714801444,8.92779783394,138.241877256
23896863,41,1.60627698898,479.0,381.0,49.0,339.433212996,107.527075812,28.9566787004,9.68953068592,107.833935018
23895062,41,1.19317150116,469.0,381.0,12.0,338.797833935,93.9061371841,28.9097472924,8.97472924188,139.166064982
23896086,41,1.60361659527,480.0,380.0,30.0,339.59566787,116.0,28.9675090253,10.7075812274,110.653429603
23895959,41,1.52839410305,479.0,381.0,24.0,333.25631769,105.624548736,28.4584837545,9.6714801444,118.678700361
23895831,41,1.69545292854,480.0,381.0,34.0,345.140794224,106.259927798,29.4584837545,9.21299638989,107.534296029
23896727,41,1.57455003262,479.0,381.0,45.0,336.711191336,112.480144404,28.7184115523,10.3140794224,119.682310469
23896464,41,1.59625506401,480.0,382.0,41.0,334.317689531,105.480144404,28.5379061372,9.57761732852,139.83032491
23898128,41,1.6018705368,479.0,383.0,64.0,339.992779783,123.440433213,28.9855595668,11.7689530686,94.357400722
23894033,41,1.80343306065,461.0,386.0,0.0,452.512635379,16.357400722,38.6137184116,1.59205776173,17.7906137184
23896209,41,1.71098661423,479.0,381.0,36.0,348.23465704,110.620938628,29.7400722022,9.57761732852,134.064981949
23896594,41,1.56836163998,480.0,381.0,25.0,336.397111913,96.0649819495,28.7111913357,8.42599277978,122.545126354
23895404,43,0.392219424248,188.0,413.0,26.0,146.407942238,6.26714801444,12.5054151625,4.07942238267,60.0685920578
23895341,43,0.387105822563,188.0,412.0,27.0,138.126353791,7.84115523466,11.7942238267,5.04693140794,57.1805054152
23894191,43,0.401895135641,188.0,412.0,5.0,139.909747292,9.84837545126,12.0758122744,7.36101083032,55.2129963899
23894890,43,0.387432694435,187.0,413.0,16.0,139.057761733,4.27436823105,11.8880866426,3.49458483755,53.8194945848
23895466,43,0.393911123276,189.0,412.0,29.0,138.963898917,8.54151624549,11.9133574007,8.16967509025,56.559566787
23894949,43,0.470417022705,187.0,412.0,1.0,160.436823105,6.71119133574,13.6895306859,5.34657039711,62.8736462094
23894246,43,0.404172629118,187.0,413.0,14.0,137.386281588,12.8844765343,11.8519855596,9.28158844765,56.3935018051
23895526,43,0.386406183243,189.0,412.0,32.0,135.880866426,2.14079422383,11.5848375451,2.64259927798,54.9205776173
23895648,43,0.406845241785,188.0,413.0,35.0,141.422382671,13.2707581227,12.2527075812,10.0505415162,60.8880866426
23895587,43,0.395536154509,187.0,412.0,28.0,138.155234657,8.56678700361,11.8519855596,6.3285198556,56.523465704
23895228,43,0.444539994001,188.0,412.0,3.0,152.711191336,11.4332129964,13.0469314079,7.00722021661,55.7436823105
23894780,43,0.375936716795,188.0,412.0,15.0,129.559566787,7.40794223827,11.2166064982,7.03971119134,52.4476534296
23894138,43,0.398940175772,187.0,412.0,9.0,138.512635379,8.6714801444,11.8267148014,6.52707581227,53.083032491
23894837,43,0.390516102314,187.0,412.0,11.0,135.397111913,7.66064981949,11.5451263538,6.05415162455,53.6353790614
23895282,43,0.392668753862,188.0,412.0,6.0,135.267148014,9.48375451264,11.6317689531,7.83393501805,54.4548736462
23895118,43,0.422061383724,187.0,413.0,4.0,141.21299639,8.81949458484,12.2166064982,5.40433212996,57.5198555957
23894664,43,0.408719807863,188.0,412.0,18.0,147.303249097,4.31046931408,12.59566787,2.96389891697,58.0144404332
23894474,43,0.401595622301,188.0,413.0,17.0,144.397111913,12.2527075812,12.4476534296,8.39711191336,61.7689530686
23894410,43,0.431754469872,188.0,413.0,21.0,149.299638989,9.70758122744,12.7942238267,5.58122743682,57.6173285199
23894724,43,0.418296575546,188.0,413.0,19.0,147.877256318,10.844765343,12.7509025271,7.47292418773,63.1805054152
23895173,43,0.405268102884,187.0,413.0,8.0,138.584837545,6.93140794224,11.8519855596,5.90613718412,56.5884476534
23894535,43,0.397931069136,188.0,411.0,20.0,147.671480144,5.50180505415,12.6281588448,3.94584837545,60.1949458484
23894599,43,0.381987810135,188.0,413.0,22.0,145.054151625,10.8664259928,12.5018050542,6.27436823105,62.1660649819
23894083,43,0.389786750078,187.0,412.0,10.0,136.581227437,11.6245487365,11.7292418773,8.35740072202,52.4259927798
23895772,43,0.386520177126,188.0,413.0,38.0,136.025270758,9.20938628159,11.7545126354,6.60649819495,56.3971119134
23893981,43,0.396025687456,187.0,413.0,13.0,136.790613718,4.38989169675,11.678700361,2.7725631769,53.6895306859
23895005,43,0.404247164726,188.0,412.0,23.0,146.855595668,5.25631768953,12.5740072202,4.0036101083,60.6317689531
23894302,43,0.407507926226,187.0,413.0,7.0,139.039711191,2.17328519856,11.8736462094,1.54512635379,54.8483754513
23895711,43,0.401231229305,188.0,412.0,37.0,138.660649819,6.7797833935,11.8664259928,6.81949458484,54.2635379061
23895064,43,0.37271386385,187.0,412.0,12.0,134.689530686,7.06137184116,11.4837545126,4.90974729242,50.3249097473
23896088,43,0.393358319998,188.0,412.0,30.0,137.462093863,13.8916967509,11.9097472924,9.12274368231,55.0505415162
23895832,43,0.396862059832,188.0,413.0,34.0,138.440433213,8.57761732852,11.8555956679,4.81588447653,57.9891696751
23895961,43,0.418103069067,188.0,412.0,24.0,149.599277978,6.59205776173,12.8339350181,4.86642599278,65.1335740072
23896730,43,0.401915043592,188.0,411.0,45.0,149.620938628,7.57039711191,12.8086642599,5.2202166065,61.0324909747
23896532,43,0.411649167538,187.0,413.0,44.0,149.613718412,19.6101083032,12.8158844765,11.3898916968,60.3718411552
23896660,43,0.317472308874,188.0,401.0,46.0,145.270758123,0.256317689531,12.3971119134,0.303249097473,59.7761732852
23896597,43,0.408754438162,188.0,412.0,25.0,145.346570397,8.07581227437,12.5090252708,4.90974729242,61.4115523466
23896021,43,0.396342456341,188.0,413.0,40.0,135.920577617,6.40072202166,11.642599278,5.16967509025,58.0938628159
23896150,43,0.391830414534,188.0,413.0,33.0,138.938628159,5.67870036101,11.8628158845,4.17689530686,55.9963898917
23895894,43,0.415991276503,188.0,412.0,39.0,142.935018051,6.04332129964,12.238267148,5.47653429603,56.2274368231
23896336,43,0.382962137461,187.0,413.0,43.0,146.779783394,10.3140794224,12.6245487365,6.31768953069,61.4512635379
23896273,43,0.40074557066,188.0,412.0,31.0,139.761732852,6.57761732852,11.9494584838,4.8916967509,58.2671480144
23896210,43,0.382372587919,187.0,412.0,36.0,137.02166065,1.34296028881,11.6859205776,1.51263537906,57.0036101083
23894035,43,0.434455990791,188.0,412.0,0.0,145.678700361,6.7761732852,12.4584837545,5.5559566787,60.523465704
23894355,43,0.461876899004,186.0,412.0,2.0,157.277978339,13.9314079422,13.5920577617,7.38267148014,64.1588447653
23896467,43,0.386409252882,188.0,413.0,41.0,148.346570397,4.16606498195,12.6534296029,2.29602888087,60.4440433213
23896403,43,0.408024191856,188.0,413.0,42.0,148.296028881,13.8880866426,12.797833935,7.26714801444,62.2093862816
23896430,46,4.65106630325,69.0,925.0,42.0,92.1805054152,1241.01444043,105.909747292,81.3393501805,30.2418772563
23896558,46,5.11273431778,67.0,933.0,44.0,110.397111913,1565.95306859,132.563176895,81.4945848375,40.40433213
23897704,46,4.17708063126,33.0,959.0,59.0,107.429602888,1146.85198556,96.880866426,79.9891696751,37.559566787
23898089,46,0.429302245378,35.0,917.0,48.0,136.837545126,79.3068592058,11.40433213,14.6678700361,52.5342960289
23897321,46,1.85593259335,35.0,958.0,51.0,638.018050542,304.075812274,52.8050541516,19.7545126354,39.4620938628
23896298,46,4.35964155197,52.0,941.0,31.0,861.288808664,1735.63898917,148.061371841,63.4368231047,35.7509025271
23895140,46,0.584017693996,34.0,921.0,4.0,131.173285199,23.9855595668,11.1985559567,3.84837545126,53.1335740072
23894373,46,0.491918295622,33.0,919.0,2.0,107.353790614,32.5812274368,9.15523465704,7.14440433213,42.9963898917
23894624,46,0.627683281898,35.0,920.0,22.0,125.166064982,49.0505415162,10.6859205776,8.41516245487,59.8086642599
23898336,46,6.2521276474,32.0,958.0,66.0,740.772563177,2040.37184116,169.252707581,68.9422382671,37.8086642599
23895677,46,4.04483747482,55.0,947.0,35.0,1199.91696751,160.129963899,102.371841155,5.58122743682,30.8050541516
23894910,46,0.676400005817,35.0,920.0,16.0,134.238267148,56.2202166065,11.4440433213,9.36823104693,50.3176895307
23895800,46,2.50847387314,57.0,957.0,38.0,85.0505415162,639.407942238,54.559566787,78.440433213,34.8880866426
23896824,46,0.320730924606,34.0,918.0,47.0,137.862815884,76.2346570397,11.8916967509,16.3249097473,52.6678700361
23894266,46,0.64030456543,35.0,919.0,14.0,128.23465704,46.4657039711,10.9241877256,7.97833935018,49.8772563177
23895029,46,0.640892982483,35.0,920.0,23.0,135.848375451,54.119133574,11.6137184116,9.36101083032,49.7870036101
23896177,46,3.26066207886,55.0,951.0,33.0,894.386281588,83.3862815884,76.3068592058,4.58844765343,28.7039711191
23894002,46,0.646583259106,35.0,920.0,13.0,122.924187726,47.725631769,10.5306859206,8.8844765343,52.0577617329
23895923,46,3.12756061554,44.0,945.0,39.0,98.6534296029,760.906137184,64.9025270758,78.1696750903,44.6931407942
23896051,46,2.76129770279,34.0,943.0,40.0,102.960288809,835.877256318,71.3032490975,78.8411552347,32.8592057762
23897039,46,3.0995850563,41.0,957.0,58.0,94.4512635379,930.689530686,78.0758122744,79.6570397112,33.3321299639
23894856,46,0.663692891598,35.0,920.0,11.0,127.844765343,44.6642599278,10.9350180505,8.96389891697,51.8014440433
23895368,46,7.6191701889,56.0,935.0,27.0,346.306859206,2028.11191336,172.400722022,77.0649819495,41.3249097473
23894213,46,0.583077251911,35.0,920.0,5.0,120.158844765,33.6064981949,10.2671480144,7.84837545126,65.3357400722
23895491,46,6.83088302612,61.0,944.0,29.0,584.935018051,2038.63537906,173.848375451,72.2202166065,38.1949458484
23894494,46,0.603843271732,35.0,921.0,17.0,128.364620939,53.9566787004,11.0216606498,9.35379061372,53.8339350181
23894744,46,0.602027654648,35.0,921.0,19.0,132.101083032,53.4440433213,11.4115523466,9.18050541516,54.6931407942
23897179,46,3.87349581718,41.0,956.0,54.0,1112.92779783,261.909747292,92.1516245487,10.083032491,46.7039711191
23897556,46,4.7879152298,35.0,958.0,60.0,109.909747292,1317.42238267,111.646209386,80.6317689531,41.9025270758
23898580,46,3.29295873642,18.0,956.0,70.0,989.44765343,153.263537906,80.9602888087,7.20938628159,39.7003610108
23895253,46,0.560248672962,33.0,921.0,3.0,123.245487365,24.202166065,10.5090252708,4.34296028881,54.3104693141
23897942,46,6.3826880455,38.0,954.0,65.0,500.97833935,2077.3032491,175.187725632,74.1985559567,42.4079422383
23894103,46,0.607734143734,35.0,919.0,10.0,122.895306859,53.6137184116,10.5018050542,10.4945848375,58.4909747292
23896493,46,3.91413354874,56.0,926.0,41.0,87.1046931408,978.054151625,83.4296028881,80.6317689531,29.7436823105
23896365,46,5.7576417923,72.0,929.0,43.0,83.59566787,1417.76173285,119.938628159,82.0613718412,27.3068592058
23896238,46,4.19196796417,51.0,950.0,36.0,1234.20938628,267.093862816,105.288808664,9.07220216606,29.440433213
23895983,46,0.476789861917,35.0,918.0,24.0,130.59566787,63.761732852,11.1696750903,12.9422382671,50.7472924188
23898415,46,2.66654992104,29.0,961.0,67.0,681.76534296,1102.76895307,92.0216606498,58.4151624549,38.3501805054
23898664,46,4.59909248352,15.0,962.0,71.0,1217.09386282,179.97833935,103.794223827,6.62815884477,36.7184115523
23895083,46,0.627790272236,35.0,919.0,12.0,126.628158845,50.9350180505,10.797833935,9.5523465704,50.5920577617
23897253,46,1.16803491116,40.0,959.0,55.0,103.335740072,367.537906137,30.8844765343,69.8231046931,45.7545126354
23894433,46,0.646764159203,35.0,920.0,21.0,131.916967509,52.4801444043,11.2490974729,9.05054151625,51.9783393502
23895613,46,5.67416954041,57.0,942.0,28.0,413.21299639,1815.68231047,154.902527076,74.7545126354,30.1046931408
23898173,46,6.22362661362,38.0,954.0,64.0,334.996389892,2097.67870036,175.523465704,77.3898916968,42.2996389892
23897785,46,5.07402801514,39.0,959.0,61.0,116.555956679,1454.6101083,123.158844765,80.7725631769,33.3537906137
23895738,46,1.60290813446,49.0,947.0,37.0,138.357400722,424.032490975,36.1877256318,69.4476534296,36.1985559567
23897402,46,5.0955696106,35.0,958.0,63.0,211.740072202,1698.10469314,143.960288809,78.9241877256,41.5776173285
23895860,46,3.92821907997,64.0,951.0,34.0,1084.07942238,132.577617329,92.4873646209,5.00722021661,29.8628158845
23896757,46,6.26765823364,81.0,917.0,45.0,83.797833935,1503.37184116,128.241877256,82.1805054152,21.5523465704
23894966,46,0.429710447788,33.0,921.0,1.0,107.707581227,23.963898917,9.17328519856,4.65703971119,40.0505415162
23896113,46,7.3331413269,53.0,938.0,30.0,853.133574007,2319.64259928,195.768953069,68.7509025271,34.9350180505
23898033,46,4.91732406616,31.0,962.0,62.0,162.451263538,1539.25270758,129.501805054,79.7472924188,42.7436823105
23894323,46,0.518051743507,35.0,919.0,7.0,119.801444043,52.3718411552,10.2166064982,11.0469314079,61.9241877256
23894157,46,0.416919231415,34.0,918.0,9.0,122.093862816,51.3898916968,10.4368231047,9.28158844765,64.844765343
23898254,46,3.38210988045,19.0,958.0,68.0,804.249097473,102.776173285,66.9711191336,5.54151624549,42.7220216606
23895305,46,0.522060930729,34.0,920.0,6.0,124.57400722,26.3826714801,10.6389891697,5.6642599278,61.6498194946
23897861,46,1.74253129959,33.0,955.0,57.0,96.9530685921,684.815884477,58.40433213,77.1480144404,33.7328519856
23895430,46,4.67862033844,69.0,927.0,26.0,187.801444043,1521.67148014,129.812274368,79.2599277978,21.5162454874
23895552,46,1.66839814186,41.0,941.0,32.0,549.342960289,208.671480144,46.8411552347,14.8519855596,35.7906137184
23898752,46,3.15927767754,10.0,959.0,72.0,1133.92418773,226.776173285,95.642599278,8.19133574007,44.2057761733
23896962,46,4.17444610596,35.0,953.0,53.0,1178.14801444,189.992779783,98.1371841155,8.63537906137,35.3429602888
23898498,46,3.4747004509,23.0,956.0,69.0,915.501805054,124.032490975,73.8086642599,7.87364620939,42.3321299639
23897475,46,1.36896753311,37.0,953.0,56.0,96.155234657,693.036101083,58.2129963899,77.7761732852,32.0685920578
23897628,46,2.50903201103,36.0,953.0,52.0,916.523465704,107.350180505,75.2815884477,5.92057761733,32.9891696751
23894685,46,0.623304069042,35.0,920.0,18.0,123.458483755,48.2490974729,10.5090252708,8.32490974729,51.8267148014
23894557,46,0.59263074398,34.0,920.0,20.0,130.620938628,64.321299639,11.1805054152,13.8050541516,58.8700361011
23895193,46,0.508034408092,34.0,920.0,8.0,120.155234657,47.8014440433,10.2599277978,8.27075812274,59.3285198556
23894801,46,0.571637392044,35.0,919.0,15.0,137.187725632,48.8772563177,11.7111913357,8.51263537906,46.3537906137
